{"Programming": 151.36278653144836, "Gardening": 99.39838361740112}