{"Programming": 108.25349450111389, "Gardening": 99.39838361740112}