{"Programming": 139.87988805770874, "Gardening": 99.39838361740112}