{"Programming": 151.36278653144836, "Gardening": 103.07301807403564}